<?xml version="1.0" encoding="UTF-8"?>
<root>
  <item name="com.kaolafm.opensdk.api.music.qq.model.TencentLoginResult loginType">
    <annotation name="android.support.annotation.IntDef">
      <val name="value" val="{com.kaolafm.opensdk.api.music.qq.QQMusicConstant.LOGIN_TYPE_TICKET, com.kaolafm.opensdk.api.music.qq.QQMusicConstant.LOGIN_TYPE_QQ, com.kaolafm.opensdk.api.music.qq.QQMusicConstant.LOGIN_TYPE_WECHAT, com.kaolafm.opensdk.api.music.qq.QQMusicConstant.LOGIN_TYPE_DEVICE, com.kaolafm.opensdk.api.music.qq.QQMusicConstant.LOGIN_TYPE_QQMUSIC}" />
    </annotation>
  </item>
  <item name="com.kaolafm.opensdk.api.music.qq.model.TencentLoginResult void setLoginType(int) 0">
    <annotation name="android.support.annotation.IntDef">
      <val name="value" val="{com.kaolafm.opensdk.api.music.qq.QQMusicConstant.LOGIN_TYPE_TICKET, com.kaolafm.opensdk.api.music.qq.QQMusicConstant.LOGIN_TYPE_QQ, com.kaolafm.opensdk.api.music.qq.QQMusicConstant.LOGIN_TYPE_WECHAT, com.kaolafm.opensdk.api.music.qq.QQMusicConstant.LOGIN_TYPE_DEVICE, com.kaolafm.opensdk.api.music.qq.QQMusicConstant.LOGIN_TYPE_QQMUSIC}" />
    </annotation>
  </item>
</root>

