<?xml version="1.0" encoding="UTF-8"?>
<root>
  <item name="com.kaolafm.opensdk.api.media.AlbumRequest void getPlaylist(long, int, int, int, com.kaolafm.opensdk.http.core.HttpCallback&lt;com.kaolafm.opensdk.api.BasePageResult&lt;java.util.List&lt;com.kaolafm.opensdk.api.media.model.AudioDetails&gt;&gt;&gt;) 1">
    <annotation name="android.support.annotation.IntDef">
      <val name="value" val="{com.kaolafm.opensdk.api.media.AlbumRequest.SORT_ACS, com.kaolafm.opensdk.api.media.AlbumRequest.SORT_DESC}" />
    </annotation>
  </item>
  <item name="com.kaolafm.opensdk.api.media.AlbumRequest void getPlaylist(long, long, int, int, int, com.kaolafm.opensdk.http.core.HttpCallback&lt;com.kaolafm.opensdk.api.BasePageResult&lt;java.util.List&lt;com.kaolafm.opensdk.api.media.model.AudioDetails&gt;&gt;&gt;) 2">
    <annotation name="android.support.annotation.IntDef">
      <val name="value" val="{com.kaolafm.opensdk.api.media.AlbumRequest.SORT_ACS, com.kaolafm.opensdk.api.media.AlbumRequest.SORT_DESC}" />
    </annotation>
  </item>
  <item name="com.kaolafm.opensdk.api.media.AlbumRequest.Sort">
    <annotation name="android.support.annotation.IntDef">
      <val name="value" val="{com.kaolafm.opensdk.api.media.AlbumRequest.SORT_ACS, com.kaolafm.opensdk.api.media.AlbumRequest.SORT_DESC}" />
    </annotation>
  </item>
</root>

